d_gene,prop
IGHD1-1,0.38956460047977004
IGHD2-1,0.10254220193155383
IGHD2-2,0.053303019363011774
IGHD2-3,0.10644282651516838
IGHD2-4,0.11781939277604185
IGHD2-5,0.07730780737359307
IGHD3-2,0.04862062847356017
IGHD4-1,0.1043995230873009
