d_family,prop
IGHD1,0.38956460047977004
IGHD2,0.4574152479593689
IGHD3,0.04862062847356017
IGHD4,0.1043995230873009
