j_gene,prop
IGHJ1,0.1883509393126257
IGHJ2,0.30734439377302286
IGHJ3,0.22583096319879922
IGHJ4,0.2784737037155522
