v_family,prop
IGHV1,0.5132509313482191
IGHV10,0.03200539485346365
IGHV11,0.01901170345497322
IGHV12,0.0014813919748235859
IGHV13,0.007106240982070361
IGHV14,0.041607720036006504
IGHV15,0.0007766655359775159
IGHV2,0.028788137621222638
IGHV3,0.05391446198679086
IGHV4,0.01635804174082972
IGHV5,0.07921711950681241
IGHV6,0.06832126244003522
IGHV7,0.022806140016764943
IGHV8,0.03446471724966998
IGHV9,0.08068841421884841
IGKV14,0.00011611118605512492
IGKV9,8.554584743661751e-05
