d_family,prop
IGHD1,0.13167958832197443
IGHD1/OR15,0.005011991737305743
IGHD2,0.17422404724750842
IGHD2/OR15,0.016921477246489097
IGHD3,0.3348920590537747
IGHD3/OR15,0.008928382452575899
IGHD4,0.06906815327406725
IGHD4/OR15,0.006104202364096114
IGHD5,0.08289464732048708
IGHD5/OR15,0.004782992542532883
IGHD6,0.15518034158698987
IGHD7,0.012197313921403035
