j_family,prop
IGHJ1,0.02162412872233868
IGHJ2,0.02639012916622474
IGHJ3,0.13045182234806427
IGHJ4,0.522584802734501
IGHJ5,0.13173216644601365
IGHJ6,0.16730521233274473
