j_gene,prop
IGHJ1,0.01940498993236303
IGHJ2,0.025994197716432934
IGHJ3,0.12836342146040455
IGHJ4,0.5218435548988148
IGHJ5,0.12839835540262826
IGHJ6,0.1760386678663628
