v_family,prop
IGHV1,0.2102825129159384
IGHV1/OR15,0.000783292176018725
IGHV1/OR21,0.0004899996383442475
IGHV2,0.0301184468031607
IGHV2/OR16,0.0003258922164701732
IGHV3,0.4113999292813116
IGHV3/OR15,0.0006383699213305913
IGHV3/OR16,0.00043672812040768865
IGHV4,0.28876603332083767
IGHV4/OR15,0.0011776632371662595
IGHV5,0.03643861283850243
IGHV6,0.011221253792355957
IGHV7,0.013284217654127854
IGHV8,0.0006398032606613974
